name,avatar
FOrD4224,🧑
MooSubb,🧑
1Manshow,🧑
ARroWBoM,🧑
ตามมีตามเกิด,🧑
Overgears,🧑
MonZZZAA,🧑
ValKyRie,🧑
TychePP,🧑
ไนท์ครับ,🧑
Gabixele,🧑
bowมาสเตอร์,🧑
MnwFaSa,🧑
oDKiTzo,🧑
Nonnii3,🧑
บราวนี่,🧑
HelloDu,🧑
Genesiisz,🧑
parameciaa,🧑
zDaylight,🧑
IIBICKII,🧑
CutiepoohZ,🧑
ลุงในตำนาน,🧑
Nerf,🧑
nOTEcx,🧑
XXPM,🧑
พลอยเฌอมาลฌ์,🧑
Zoraso,🧑
Clwsia,🧑
Dualuay,🧑
Yorunaz,🧑
comno,🧑
เลม่อนคุง,🧑
Shadesogood,🧑
Gemnakub,🧑
CHIQUITA,🧑
ขนมแมวเลีย,🧑
oLeiAo,🧑
ชื่อจีน,🧑
ต่อยตัวแตก,🧑
Starminis,🧑
9BeamSlayer,🧑
DuDuBruh,🧑
Ice2Phantom,🧑